{
  "n_pairs": 1226,
  "mean_shift": 0.00013431984487598912,
  "ci_lo": 0.00010113530347145013,
  "ci_hi": 0.00016919709924383613,
  "p_approx": 0.0
}