{
  "game_results": {
    "Pong": {
      "game": "Pong",
      "best_layer": "u_blocks.0.resblocks.1",
      "n_pairs": 250,
      "stats_by_alpha": {
        "0.0": {
          "mean": 0.05719522023200989,
          "ci_lo": 0.05705652101635933,
          "ci_hi": 0.057339079836010935,
          "n": 250
        },
        "0.25": {
          "mean": 0.057241496086120607,
          "ci_lo": 0.057102850228548045,
          "ci_hi": 0.05738096261620521,
          "n": 250
        },
        "0.5": {
          "mean": 0.05725935971736908,
          "ci_lo": 0.05711929893493652,
          "ci_hi": 0.05740693115592003,
          "n": 250
        },
        "0.75": {
          "mean": 0.05728715991973877,
          "ci_lo": 0.05714636172056198,
          "ci_hi": 0.05742055077850819,
          "n": 250
        },
        "1.0": {
          "mean": 0.05738082253932953,
          "ci_lo": 0.05724597246944904,
          "ci_hi": 0.057523653808236125,
          "n": 250
        }
      },
      "effect": 0.00018560230731964195,
      "cohens_d": 0.16294836200388604,
      "effect_ci_lo": -1.0681280493732118e-05,
      "effect_ci_hi": 0.00038296919167042013,
      "p_value": 0.0305,
      "by_alpha_means": {
        "0.0": 0.05719522023200989,
        "0.25": 0.057241496086120607,
        "0.5": 0.05725935971736908,
        "0.75": 0.05728715991973877,
        "1.0": 0.05738082253932953
      }
    },
    "Breakout": {
      "game": "Breakout",
      "best_layer": "mid_blocks.resblocks.1",
      "n_pairs": 250,
      "stats_by_alpha": {
        "0.0": {
          "mean": -0.2477468945980072,
          "ci_lo": -0.24976762402653693,
          "ci_hi": -0.24557154358625413,
          "n": 250
        },
        "0.25": {
          "mean": -0.24767437028884887,
          "ci_lo": -0.24974703162908554,
          "ci_hi": -0.24549953411817552,
          "n": 250
        },
        "0.5": {
          "mean": -0.24818370604515075,
          "ci_lo": -0.2502252394974232,
          "ci_hi": -0.24612409151792525,
          "n": 250
        },
        "0.75": {
          "mean": -0.2484167127609253,
          "ci_lo": -0.25035795736312866,
          "ci_hi": -0.24638261016607285,
          "n": 250
        },
        "1.0": {
          "mean": -0.24800832986831664,
          "ci_lo": -0.24990114421248436,
          "ci_hi": -0.24607423499226572,
          "n": 250
        }
      },
      "effect": -0.0002614352703094458,
      "cohens_d": -0.01602943899597328,
      "effect_ci_lo": -0.0031657391846179874,
      "effect_ci_hi": 0.0025068103313446157,
      "p_value": 0.5715,
      "by_alpha_means": {
        "0.0": -0.2477468945980072,
        "0.25": -0.24767437028884887,
        "0.5": -0.24818370604515075,
        "0.75": -0.2484167127609253,
        "1.0": -0.24800832986831664
      }
    }
  },
  "efficiency": {
    "Pong": {
      "probe_r2": 0.6245782937802249,
      "probe_r2_std": 0.0023819447528548596,
      "effect": 0.00018560230731964195,
      "cohens_d": 0.16294836200388604,
      "p_value": 0.0305,
      "causal_efficiency": 0.0002971641925380604,
      "best_layer": "u_blocks.0.resblocks.1"
    },
    "Breakout": {
      "probe_r2": 0.3809655797319298,
      "probe_r2_std": 0.007759295166538598,
      "effect": -0.0002614352703094458,
      "cohens_d": -0.01602943899597328,
      "p_value": 0.5715,
      "causal_efficiency": -0.0006862437903995669,
      "best_layer": "mid_blocks.resblocks.1"
    }
  }
}