{
  "Alien": {
    "fmds": 0.30802672052961777,
    "evenness": 0.9099116588716094,
    "coverage": 0.338523764946154,
    "entropy": 2.7297349766148282,
    "n_clusters": 8,
    "n_failures": 90,
    "hns": 0.0748300700010145,
    "diamond_score": 744.12,
    "n_episodes": 90,
    "mean_ep_len": 222.0888888888889
  },
  "Amidar": {
    "fmds": 0.4270057630502366,
    "evenness": 0.9186792433157526,
    "coverage": 0.46480397391919037,
    "entropy": 2.756037729947258,
    "n_clusters": 8,
    "n_failures": 122,
    "hns": 0.12835385423352977,
    "diamond_score": 225.76,
    "n_episodes": 122,
    "mean_ep_len": 163.18852459016392
  },
  "Assault": {
    "fmds": 0.33019753708531513,
    "evenness": 0.880470909559706,
    "coverage": 0.37502378954284343,
    "entropy": 2.641412728679118,
    "n_clusters": 8,
    "n_failures": 130,
    "hns": 2.5095650500384905,
    "diamond_score": 1526.37,
    "n_episodes": 130,
    "mean_ep_len": 153.6846153846154
  },
  "Asterix": {
    "fmds": 0.4145901538211189,
    "evenness": 0.9982027786478458,
    "coverage": 0.4153366056371012,
    "entropy": 2.9946083359435374,
    "n_clusters": 8,
    "n_failures": 221,
    "hns": 0.4206407582024044,
    "diamond_score": 3698.5,
    "n_episodes": 221,
    "mean_ep_len": 90.41628959276018
  },
  "BankHeist": {
    "fmds": 0.5912555494542923,
    "evenness": 0.7137761511044154,
    "coverage": 0.8283487036369193,
    "entropy": 2.141328453313246,
    "n_clusters": 8,
    "n_failures": 176,
    "hns": 0.007497631614562186,
    "diamond_score": 19.74,
    "n_episodes": 176,
    "mean_ep_len": 113.0965909090909
  },
  "BattleZone": {
    "fmds": 0.3049309178583951,
    "evenness": 0.9572304359627074,
    "coverage": 0.3185553931449322,
    "entropy": 2.8716913078881223,
    "n_clusters": 8,
    "n_failures": 89,
    "hns": 0.06724571100423515,
    "diamond_score": 4702.0,
    "n_episodes": 89,
    "mean_ep_len": 222.86516853932585
  },
  "Boxing": {
    "fmds": 0.2530822384205696,
    "evenness": 0.7827759528141421,
    "coverage": 0.3233137623999801,
    "entropy": 1.2406705316766884,
    "n_clusters": 3,
    "n_failures": 11,
    "hns": 7.233333333333334,
    "diamond_score": 86.9,
    "n_episodes": 11,
    "mean_ep_len": 1781.5454545454545
  },
  "Breakout": {
    "fmds": 0.6913820640091198,
    "evenness": 0.935136540525138,
    "coverage": 0.7393380902652626,
    "entropy": 2.805409621575414,
    "n_clusters": 8,
    "n_failures": 524,
    "hns": 4.540972222222222,
    "diamond_score": 132.48,
    "n_episodes": 524,
    "mean_ep_len": 38.12213740458015
  },
  "ChopperCommand": {
    "fmds": 0.3336179506060829,
    "evenness": 0.9756913656515586,
    "coverage": 0.3419297970145463,
    "entropy": 2.9270740969546756,
    "n_clusters": 8,
    "n_failures": 75,
    "hns": 0.08496533268458824,
    "diamond_score": 1369.8,
    "n_episodes": 75,
    "mean_ep_len": 265.24
  },
  "CrazyClimber": {
    "fmds": 0.4442729457370763,
    "evenness": 0.9457465883500302,
    "coverage": 0.4697589726568979,
    "entropy": 2.8372397650500907,
    "n_clusters": 8,
    "n_failures": 31,
    "hns": 3.5285900778078076,
    "diamond_score": 99167.8,
    "n_episodes": 31,
    "mean_ep_len": 641.1290322580645
  },
  "DemonAttack": {
    "fmds": 0.3740039576815071,
    "evenness": 0.8564493639669181,
    "coverage": 0.43669126677751113,
    "entropy": 2.5693480919007543,
    "n_clusters": 8,
    "n_failures": 82,
    "hns": 0.0747814613227775,
    "diamond_score": 288.12,
    "n_episodes": 82,
    "mean_ep_len": 242.7560975609756
  },
  "Frostbite": {
    "fmds": 0.5542605778906796,
    "evenness": 0.9112313899835972,
    "coverage": 0.6082544828714216,
    "entropy": 2.7336941699507915,
    "n_clusters": 8,
    "n_failures": 182,
    "hns": 0.04891907717531327,
    "diamond_score": 274.06,
    "n_episodes": 182,
    "mean_ep_len": 109.38461538461539
  },
  "Gopher": {
    "fmds": 0.2128166606317579,
    "evenness": 0.9523802890866104,
    "coverage": 0.22345764929244993,
    "entropy": 2.8571408672598313,
    "n_clusters": 8,
    "n_failures": 37,
    "hns": 2.6174393243305953,
    "diamond_score": 5897.92,
    "n_episodes": 37,
    "mean_ep_len": 531.8918918918919
  },
  "Hero": {
    "fmds": 0.5220450810391969,
    "evenness": 0.8944156869815808,
    "coverage": 0.5836716513783011,
    "entropy": 2.6832470609447423,
    "n_clusters": 8,
    "n_failures": 210,
    "hns": 0.1541903528258958,
    "diamond_score": 5621.78,
    "n_episodes": 210,
    "mean_ep_len": 94.9
  },
  "Jamesbond": {
    "fmds": 0.4581866971436895,
    "evenness": 0.9680827322153297,
    "coverage": 0.47329291381449357,
    "entropy": 2.904248196645989,
    "n_clusters": 8,
    "n_failures": 241,
    "hns": 1.4550036523009495,
    "diamond_score": 427.38,
    "n_episodes": 241,
    "mean_ep_len": 82.71369294605809
  },
  "Kangaroo": {
    "fmds": 0.5661876067058008,
    "evenness": 0.8948783219789846,
    "coverage": 0.6326978683020296,
    "entropy": 2.684634965936954,
    "n_clusters": 8,
    "n_failures": 89,
    "hns": 1.786858866912504,
    "diamond_score": 5382.2,
    "n_episodes": 89,
    "mean_ep_len": 224.69662921348313
  },
  "Krull": {
    "fmds": 0.38409855711731034,
    "evenness": 0.9017430009140989,
    "coverage": 0.42595124855745903,
    "entropy": 2.7052290027422967,
    "n_clusters": 8,
    "n_failures": 36,
    "hns": 6.568749414519906,
    "diamond_score": 8610.14,
    "n_episodes": 36,
    "mean_ep_len": 541.0555555555555
  },
  "KungFuMaster": {
    "fmds": 0.3354741342148717,
    "evenness": 0.9318891730568923,
    "coverage": 0.35999359571311473,
    "entropy": 2.795667519170677,
    "n_clusters": 8,
    "n_failures": 71,
    "hns": 0.8210367562661826,
    "diamond_score": 18713.6,
    "n_episodes": 71,
    "mean_ep_len": 280.23943661971833
  },
  "MsPacman": {
    "fmds": 0.36913678343409906,
    "evenness": 0.9094650570019113,
    "coverage": 0.4058834153023686,
    "entropy": 2.728395171005734,
    "n_clusters": 8,
    "n_failures": 110,
    "hns": 0.24846560209502883,
    "diamond_score": 1958.18,
    "n_episodes": 110,
    "mean_ep_len": 180.3090909090909
  },
  "Pong": {
    "fmds": 0.36914950513116024,
    "evenness": 0.9477509282890195,
    "coverage": 0.3895005471507035,
    "entropy": 2.6606732334168424,
    "n_clusters": 7,
    "n_failures": 21,
    "hns": 1.163172804532578,
    "diamond_score": 20.36,
    "n_episodes": 21,
    "mean_ep_len": 921.8571428571429
  },
  "Qbert": {
    "fmds": 0.6363059359641234,
    "evenness": 0.8907115979384903,
    "coverage": 0.7143793091241017,
    "entropy": 2.672134793815471,
    "n_clusters": 8,
    "n_failures": 289,
    "hns": 0.32618820112707003,
    "diamond_score": 4499.3,
    "n_episodes": 289,
    "mean_ep_len": 69.20069204152249
  },
  "RoadRunner": {
    "fmds": 0.573485325721275,
    "evenness": 0.7406282792570028,
    "coverage": 0.774322749728912,
    "entropy": 2.2218848377710083,
    "n_clusters": 8,
    "n_failures": 312,
    "hns": 2.6376077104742452,
    "diamond_score": 20673.2,
    "n_episodes": 312,
    "mean_ep_len": 64.0448717948718
  },
  "Seaquest": {
    "fmds": 0.5306309122069403,
    "evenness": 0.9694686480846664,
    "coverage": 0.5473420035349084,
    "entropy": 2.908405944253999,
    "n_clusters": 8,
    "n_failures": 148,
    "hns": 0.011499941647632681,
    "diamond_score": 551.24,
    "n_episodes": 148,
    "mean_ep_len": 134.2972972972973
  },
  "UpNDown": {
    "fmds": 0.566124894331917,
    "evenness": 0.853699401749759,
    "coverage": 0.6631431311437919,
    "entropy": 2.561098205249277,
    "n_clusters": 8,
    "n_failures": 197,
    "hns": 0.29775444004372836,
    "diamond_score": 3856.28,
    "n_episodes": 197,
    "mean_ep_len": 101.19289340101523
  }
}