{
  "game": "Pong",
  "n_pairs": 500,
  "target_layer": "u_blocks.0.resblocks.1",
  "alphas": [
    0.0,
    0.25,
    0.5,
    0.75,
    1.0
  ],
  "stats": {
    "0.0": {
      "mean": 0.057108836114406585,
      "ci_lo": 0.057017095576226716,
      "ci_hi": 0.057204371218383315,
      "p_vs_baseline": 0.484,
      "n": 500
    },
    "0.25": {
      "mean": 0.0571209124326706,
      "ci_lo": 0.05702122003734112,
      "ci_hi": 0.05721671318262816,
      "p_vs_baseline": 0.4355,
      "n": 500
    },
    "0.5": {
      "mean": 0.057160744190216065,
      "ci_lo": 0.05705837584286928,
      "ci_hi": 0.05726853668838739,
      "p_vs_baseline": 0.215,
      "n": 500
    },
    "0.75": {
      "mean": 0.05720613491535187,
      "ci_lo": 0.05710672150254249,
      "ci_hi": 0.05731162619441747,
      "p_vs_baseline": 0.085,
      "n": 500
    },
    "1.0": {
      "mean": 0.05726879918575287,
      "ci_lo": 0.05716634984314442,
      "ci_hi": 0.057368465766310696,
      "p_vs_baseline": 0.0135,
      "n": 500
    }
  },
  "monotonic": true
}