{
  "action_masking": {
    "0": 0.0,
    "1": 0.0036584539338946342,
    "2": 0.0034932957496494055,
    "4": 0.0032559321261942387
  },
  "hidden_state": {
    "0": 0.0022032426204532385,
    "1": 0.04663481190800667,
    "2": 0.1752615123987198,
    "3": 0.22416062653064728,
    "4": 0.21443893015384674
  }
}