{
  "feature_correlations": {
    "single_step_mse": {
      "spearman_rho": -0.2656410256410256,
      "p_value": 0.18965338229698436,
      "label": "F1: Single-step MSE"
    },
    "error_growth_rate": {
      "spearman_rho": -0.3531623931623932,
      "p_value": 0.07676884671105765,
      "label": "F2: Rollout growth rate"
    },
    "action_sensitivity": {
      "spearman_rho": -0.13504273504273506,
      "p_value": 0.5107029807105486,
      "label": "F3: Action sensitivity"
    },
    "model_uncertainty": {
      "spearman_rho": -0.1576068376068376,
      "p_value": 0.441928301522285,
      "label": "F4: Model uncertainty"
    },
    "reward_accuracy": {
      "spearman_rho": 0.05226900855397951,
      "p_value": 0.7998153980552992,
      "label": "F5: Reward accuracy"
    },
    "high_freq_energy_ratio": {
      "spearman_rho": -0.03863247863247863,
      "p_value": 0.8513711309126146,
      "label": "F6: HF energy ratio"
    },
    "state_coverage_mmd": {
      "spearman_rho": -0.0988034188034188,
      "p_value": 0.6310845101012648,
      "label": "F7: State coverage MMD"
    }
  },
  "regression": {
    "r2_full": 0.17555838040522798,
    "r2_loo": -0.4631885087355967,
    "coefficients": {
      "single_step_mse": -0.7181772123618645,
      "error_growth_rate": -0.20875433712592875,
      "action_sensitivity": 0.6932414674554161,
      "model_uncertainty": -0.2100125461139347,
      "reward_accuracy": 0.5213117794340155,
      "high_freq_energy_ratio": -0.6004720842126191,
      "state_coverage_mmd": -0.4995686238398684
    },
    "intercept": 1.4590239536581793
  },
  "feature_importance": {
    "single_step_mse": 0.20807454585318721,
    "error_growth_rate": 0.06048154013340463,
    "action_sensitivity": 0.2008500144873746,
    "model_uncertainty": 0.06084607587647945,
    "reward_accuracy": 0.1510375292985411,
    "high_freq_energy_ratio": 0.17397232057692066,
    "state_coverage_mmd": 0.14473797377409242
  },
  "loo_predictions": {
    "Alien": 2.0007896346214724,
    "Amidar": 1.5404415058875187,
    "Assault": 4.939930939450449,
    "Asterix": 2.2120086239868524,
    "BankHeist": 1.0533938537554302,
    "BattleZone": 1.6099539121229276,
    "Boxing": 1.2740075824929824,
    "Breakout": 1.3337949453578253,
    "ChopperCommand": 0.9376279548612018,
    "CrazyClimber": -2.060641480985276,
    "DemonAttack": 0.5684873651094412,
    "Freeway": 0.9721934249501509,
    "Frostbite": 1.3936605465183314,
    "Gopher": 1.317939426406238,
    "Hero": 0.8285301570705873,
    "Jamesbond": 2.5431123205446866,
    "Kangaroo": 0.6522973753183452,
    "Krull": 0.6656819698375094,
    "KungFuMaster": 1.2101797451726184,
    "MsPacman": 1.3918953921024382,
    "Pong": 0.45340037783191556,
    "PrivateEye": 2.101159706237028,
    "Qbert": 1.3315133218682076,
    "RoadRunner": 2.4949473043672286,
    "Seaquest": 2.029024583077938,
    "UpNDown": 1.1728697325258064
  },
  "actual_hns": {
    "Alien": 0.0748300700010145,
    "Amidar": 0.12835385423352977,
    "Assault": 2.5095650500384905,
    "Asterix": 0.4206407582024044,
    "BankHeist": 0.007497631614562186,
    "BattleZone": 0.06724571100423515,
    "Boxing": 7.233333333333334,
    "Breakout": 4.540972222222222,
    "ChopperCommand": 0.08496533268458824,
    "CrazyClimber": 3.5285900778078076,
    "DemonAttack": 0.0747814613227775,
    "Freeway": 1.1256756756756756,
    "Frostbite": 0.04891907717531327,
    "Gopher": 2.6174393243305953,
    "Hero": 0.1541903528258958,
    "Jamesbond": 1.4550036523009495,
    "Kangaroo": 1.786858866912504,
    "Krull": 6.568749414519906,
    "KungFuMaster": 0.8210367562661826,
    "MsPacman": 0.24846560209502883,
    "Pong": 1.163172804532578,
    "PrivateEye": 0.0012854727203708601,
    "Qbert": 0.32618820112707003,
    "RoadRunner": 2.6376077104742452,
    "Seaquest": 0.011499941647632681,
    "UpNDown": 0.29775444004372836
  },
  "games_analyzed": 26
}